                                           The SAS System           09:49 Tuesday, March 6, 2018   1

                                               module
                                               ƒƒƒƒƒƒ
                                               mil   
                                           The SAS System           09:49 Tuesday, March 6, 2018   2

                                                     length
                                         ƒƒƒƒƒƒƒƒƒƒƒƒƒƒƒƒƒƒ
                                                4         3
                                           The SAS System           09:49 Tuesday, March 6, 2018   3

                                                     length
                                         ƒƒƒƒƒƒƒƒƒƒƒƒƒƒƒƒƒƒ
                                                5         3
                                           The SAS System           09:49 Tuesday, March 6, 2018   4

                                                     length
                                         ƒƒƒƒƒƒƒƒƒƒƒƒƒƒƒƒƒƒ
                                                4         3
                                           The SAS System           09:49 Tuesday, March 6, 2018   5

                                                     length
                                         ƒƒƒƒƒƒƒƒƒƒƒƒƒƒƒƒƒƒ
                                                6         3
                                           The SAS System           09:49 Tuesday, March 6, 2018   6

                                                     length
                                         ƒƒƒƒƒƒƒƒƒƒƒƒƒƒƒƒƒƒ
                                                8         3
                                           The SAS System           09:49 Tuesday, March 6, 2018   7

                                                     length
                                         ƒƒƒƒƒƒƒƒƒƒƒƒƒƒƒƒƒƒ
                                                5         3
                                           The SAS System           09:49 Tuesday, March 6, 2018   8

                                                     length
                                         ƒƒƒƒƒƒƒƒƒƒƒƒƒƒƒƒƒƒ
                                                4         3
                                           The SAS System           09:49 Tuesday, March 6, 2018   9

                                                     length
                                         ƒƒƒƒƒƒƒƒƒƒƒƒƒƒƒƒƒƒ
                                                5         3
                                           The SAS System           09:49 Tuesday, March 6, 2018  10

                                                     length
                                         ƒƒƒƒƒƒƒƒƒƒƒƒƒƒƒƒƒƒ
                                                8         3
                                           The SAS System           09:49 Tuesday, March 6, 2018  11

                                       The CONTENTS Procedure

            Data Set Name        MIL.MIL4                      Observations          13
            Member Type          DATA                          Variables             14
            Engine               V9                            Indexes               0 
            Created              03/05/2018 18:00:25           Observation Length    80
            Last Modified        03/05/2018 18:00:25           Deleted Observations  0 
            Protection                                         Compressed            NO
            Data Set Type                                      Sorted                NO
            Label                ETL2                                                  
            Data Representation  WINDOWS_64                                            
            Encoding             wlatin1  Western (Windows)                            


                                 Engine/Host Dependent Information

            Data Set Page Size          65536                                           
            Number of Data Set Pages    1                                               
            First Data Page             1                                               
            Max Obs per Page            817                                             
            Obs in First Data Page      13                                              
            Number of Data Set Repairs  0                                               
            ExtendObsCounter            YES                                             
            Filename                    A:\dev\test\test_qa_wp001_nsdp_v01\mil4.sas7bdat
            Release Created             9.0401M4                                        
            Host Created                X64_7PRO                                        
            Owner Name                  BUILTIN\Administrators                          
            File Size                   128KB                                           
            File Size (bytes)           131072                                          


                             Alphabetic List of Variables and Attributes
 
 #    Variable             Type    Len    Format       Label

11    Age                  Num       3                                                              
 3    EncType              Char      2                 Encounter Type                               
 1    EncounterID          Char     17                 Mothers delivery encounterID                 
14    MatchMethod          Char      2                                                              
 4    adate                Num       4    MMDDYY10.    Admission date for mothers delivery encounter
 7    birth_type           Num       3                 # of babies born                             
 8    birth_type_primes    Num       8                 All birth types                              
12    cbirth_date          Num       4    MMDDYY10.    Child birth date                             
10    cenr_start           Num       4    DATE9.       Earliest infant enrollment start date        
 9    cpatid               Char     12    $12.         Child patient ID                             
 5    ddate                Num       4    MMDDYY10.    Discharge date for mothers delivery encounter
 6    mbirth_date          Num       4    MMDDYY10.    Mother birth date                            
 2    mpatid               Char     12    $12.         Mother patient ID                            
                                           The SAS System           09:49 Tuesday, March 6, 2018  12

                                       The CONTENTS Procedure

                             Alphabetic List of Variables and Attributes
 
 #    Variable             Type    Len    Format       Label

13    sex                  Char      1                 Child sex                                    
                                                                    09:49 Tuesday, March 6, 2018  14

                           module  sascode
                           ƒƒƒƒƒƒƒƒƒƒƒƒƒƒƒƒƒƒƒƒƒƒƒƒƒƒƒƒƒƒƒƒƒƒƒƒƒƒƒƒƒƒƒƒƒƒ
                           l1      01.1_mscdm_data_qa_review-level1      
                           l2      01.2_mscdm_data_qa_review-level2      
                           l3      01.3_mscdm_data_qa_review-level3      
                                                                    09:49 Tuesday, March 6, 2018  15

                                                   row
                                              ƒƒƒƒƒƒƒƒ
                                                     0
                                                                    09:49 Tuesday, March 6, 2018  16

                                       The CONTENTS Procedure

            Data Set Name        WORK.FLAG_1                   Observations          0  
            Member Type          DATA                          Variables             16 
            Engine               V9                            Indexes               0  
            Created              03/06/2018 09:49:52           Observation Length    392
            Last Modified        03/06/2018 09:49:52           Deleted Observations  0  
            Protection                                         Compressed            NO 
            Data Set Type                                      Sorted                NO 
            Label                                                                       
            Data Representation  WINDOWS_64                                             
            Encoding             wlatin1  Western (Windows)                             


                                 Engine/Host Dependent Information

Data Set Page Size          65536                                                                   
Number of Data Set Pages    1                                                                       
First Data Page             1                                                                       
Max Obs per Page            167                                                                     
Obs in First Data Page      0                                                                       
Number of Data Set Repairs  0                                                                       
ExtendObsCounter            YES                                                                     
Filename                    C:\Users\rrajbhan\AppData\Local\Temp\SAS Temporary                      
                            Files\_TD11344_L000903673_\flag_1.sas7bdat                              
Release Created             9.0401M4                                                                
Host Created                X64_7PRO                                                                
Owner Name                  BUILTIN\Administrators                                                  
File Size                   128KB                                                                   
File Size (bytes)           131072                                                                  


                             Alphabetic List of Variables and Attributes
 
 #    Variable             Type    Len    Format       Label

11    Age                  Num       3                                                              
 3    EncType              Char      2                 Encounter Type                               
 1    EncounterID          Char     17                 Mothers delivery encounterID                 
14    MatchMethod          Char      2                                                              
 4    adate                Num       4    MMDDYY10.    Admission date for mothers delivery encounter
 7    birth_type           Num       3                 # of babies born                             
 8    birth_type_primes    Num       8                 All birth types                              
12    cbirth_date          Num       4    MMDDYY10.    Child birth date                             
10    cenr_start           Num       4    DATE9.       Earliest infant enrollment start date        
 9    cpatid               Char     12    $12.         Child patient ID                             
 5    ddate                Num       4    MMDDYY10.    Discharge date for mothers delivery encounter
                                                                    09:49 Tuesday, March 6, 2018  17

                                       The CONTENTS Procedure

                             Alphabetic List of Variables and Attributes
 
 #    Variable             Type    Len    Format       Label

16    flag_l2              Num       8                                                              
 6    mbirth_date          Num       4    MMDDYY10.    Mother birth date                            
15    message              Char    300                                                              
 2    mpatid               Char     12    $12.         Mother patient ID                            
13    sex                  Char      1                 Child sex                                    
                                                                    09:49 Tuesday, March 6, 2018  18

                                                   row
                                              ƒƒƒƒƒƒƒƒ
                                                     0
                                                                    09:49 Tuesday, March 6, 2018  19

                                       The CONTENTS Procedure

            Data Set Name        WORK.FLAG_1                   Observations          0  
            Member Type          DATA                          Variables             16 
            Engine               V9                            Indexes               0  
            Created              03/06/2018 09:49:52           Observation Length    392
            Last Modified        03/06/2018 09:49:52           Deleted Observations  0  
            Protection                                         Compressed            NO 
            Data Set Type                                      Sorted                NO 
            Label                                                                       
            Data Representation  WINDOWS_64                                             
            Encoding             wlatin1  Western (Windows)                             


                                 Engine/Host Dependent Information

Data Set Page Size          65536                                                                   
Number of Data Set Pages    1                                                                       
First Data Page             1                                                                       
Max Obs per Page            167                                                                     
Obs in First Data Page      0                                                                       
Number of Data Set Repairs  0                                                                       
ExtendObsCounter            YES                                                                     
Filename                    C:\Users\rrajbhan\AppData\Local\Temp\SAS Temporary                      
                            Files\_TD11344_L000903673_\flag_1.sas7bdat                              
Release Created             9.0401M4                                                                
Host Created                X64_7PRO                                                                
Owner Name                  BUILTIN\Administrators                                                  
File Size                   128KB                                                                   
File Size (bytes)           131072                                                                  


                             Alphabetic List of Variables and Attributes
 
 #    Variable             Type    Len    Format       Label

11    Age                  Num       3                                                              
 3    EncType              Char      2                 Encounter Type                               
 1    EncounterID          Char     17                 Mothers delivery encounterID                 
14    MatchMethod          Char      2                                                              
 4    adate                Num       4    MMDDYY10.    Admission date for mothers delivery encounter
 7    birth_type           Num       3                 # of babies born                             
 8    birth_type_primes    Num       8                 All birth types                              
12    cbirth_date          Num       4    MMDDYY10.    Child birth date                             
10    cenr_start           Num       4    DATE9.       Earliest infant enrollment start date        
 9    cpatid               Char     12    $12.         Child patient ID                             
 5    ddate                Num       4    MMDDYY10.    Discharge date for mothers delivery encounter
                                                                    09:49 Tuesday, March 6, 2018  20

                                       The CONTENTS Procedure

                             Alphabetic List of Variables and Attributes
 
 #    Variable             Type    Len    Format       Label

16    flag_l2              Num       8                                                              
 6    mbirth_date          Num       4    MMDDYY10.    Mother birth date                            
15    message              Char    300                                                              
 2    mpatid               Char     12    $12.         Mother patient ID                            
13    sex                  Char      1                 Child sex                                    
                                                                    09:49 Tuesday, March 6, 2018  21

                                                   row
                                              ƒƒƒƒƒƒƒƒ
                                                     0
                                                                    09:49 Tuesday, March 6, 2018  22

                                       The CONTENTS Procedure

            Data Set Name        WORK.FLAG_1                   Observations          0  
            Member Type          DATA                          Variables             16 
            Engine               V9                            Indexes               0  
            Created              03/06/2018 09:49:52           Observation Length    392
            Last Modified        03/06/2018 09:49:52           Deleted Observations  0  
            Protection                                         Compressed            NO 
            Data Set Type                                      Sorted                NO 
            Label                                                                       
            Data Representation  WINDOWS_64                                             
            Encoding             wlatin1  Western (Windows)                             


                                 Engine/Host Dependent Information

Data Set Page Size          65536                                                                   
Number of Data Set Pages    1                                                                       
First Data Page             1                                                                       
Max Obs per Page            167                                                                     
Obs in First Data Page      0                                                                       
Number of Data Set Repairs  0                                                                       
ExtendObsCounter            YES                                                                     
Filename                    C:\Users\rrajbhan\AppData\Local\Temp\SAS Temporary                      
                            Files\_TD11344_L000903673_\flag_1.sas7bdat                              
Release Created             9.0401M4                                                                
Host Created                X64_7PRO                                                                
Owner Name                  BUILTIN\Administrators                                                  
File Size                   128KB                                                                   
File Size (bytes)           131072                                                                  


                             Alphabetic List of Variables and Attributes
 
 #    Variable             Type    Len    Format       Label

11    Age                  Num       3                                                              
 3    EncType              Char      2                 Encounter Type                               
 1    EncounterID          Char     17                 Mothers delivery encounterID                 
14    MatchMethod          Char      2                                                              
 4    adate                Num       4    MMDDYY10.    Admission date for mothers delivery encounter
 7    birth_type           Num       3                 # of babies born                             
 8    birth_type_primes    Num       8                 All birth types                              
12    cbirth_date          Num       4    MMDDYY10.    Child birth date                             
10    cenr_start           Num       4    DATE9.       Earliest infant enrollment start date        
 9    cpatid               Char     12    $12.         Child patient ID                             
 5    ddate                Num       4    MMDDYY10.    Discharge date for mothers delivery encounter
                                                                    09:49 Tuesday, March 6, 2018  23

                                       The CONTENTS Procedure

                             Alphabetic List of Variables and Attributes
 
 #    Variable             Type    Len    Format       Label

16    flag_l2              Num       8                                                              
 6    mbirth_date          Num       4    MMDDYY10.    Mother birth date                            
15    message              Char    300                                                              
 2    mpatid               Char     12    $12.         Mother patient ID                            
13    sex                  Char      1                 Child sex                                    
                                                                    09:49 Tuesday, March 6, 2018  24

                                                   row
                                              ƒƒƒƒƒƒƒƒ
                                                     0
                                                                    09:49 Tuesday, March 6, 2018  25

                                       The CONTENTS Procedure

            Data Set Name        WORK.FLAG_2                   Observations          0  
            Member Type          DATA                          Variables             16 
            Engine               V9                            Indexes               0  
            Created              03/06/2018 09:49:53           Observation Length    392
            Last Modified        03/06/2018 09:49:53           Deleted Observations  0  
            Protection                                         Compressed            NO 
            Data Set Type                                      Sorted                NO 
            Label                                                                       
            Data Representation  WINDOWS_64                                             
            Encoding             wlatin1  Western (Windows)                             


                                 Engine/Host Dependent Information

Data Set Page Size          65536                                                                   
Number of Data Set Pages    1                                                                       
First Data Page             1                                                                       
Max Obs per Page            167                                                                     
Obs in First Data Page      0                                                                       
Number of Data Set Repairs  0                                                                       
ExtendObsCounter            YES                                                                     
Filename                    C:\Users\rrajbhan\AppData\Local\Temp\SAS Temporary                      
                            Files\_TD11344_L000903673_\flag_2.sas7bdat                              
Release Created             9.0401M4                                                                
Host Created                X64_7PRO                                                                
Owner Name                  BUILTIN\Administrators                                                  
File Size                   128KB                                                                   
File Size (bytes)           131072                                                                  


                             Alphabetic List of Variables and Attributes
 
 #    Variable             Type    Len    Format       Label

11    Age                  Num       3                                                              
 3    EncType              Char      2                 Encounter Type                               
 1    EncounterID          Char     17                 Mothers delivery encounterID                 
14    MatchMethod          Char      2                                                              
 4    adate                Num       4    MMDDYY10.    Admission date for mothers delivery encounter
 7    birth_type           Num       3                 # of babies born                             
 8    birth_type_primes    Num       8                 All birth types                              
12    cbirth_date          Num       4    MMDDYY10.    Child birth date                             
10    cenr_start           Num       4    DATE9.       Earliest infant enrollment start date        
 9    cpatid               Char     12    $12.         Child patient ID                             
 5    ddate                Num       4    MMDDYY10.    Discharge date for mothers delivery encounter
                                                                    09:49 Tuesday, March 6, 2018  26

                                       The CONTENTS Procedure

                             Alphabetic List of Variables and Attributes
 
 #    Variable             Type    Len    Format       Label

16    flag_l2              Num       8                                                              
 6    mbirth_date          Num       4    MMDDYY10.    Mother birth date                            
15    message              Char    300                                                              
 2    mpatid               Char     12    $12.         Mother patient ID                            
13    sex                  Char      1                 Child sex                                    
                                                                    09:49 Tuesday, March 6, 2018  27

                                                   row
                                              ƒƒƒƒƒƒƒƒ
                                                     0
                                                                    09:49 Tuesday, March 6, 2018  28

                                       The CONTENTS Procedure

            Data Set Name        WORK.FLAG_1                   Observations          0  
            Member Type          DATA                          Variables             17 
            Engine               V9                            Indexes               0  
            Created              03/06/2018 09:49:53           Observation Length    400
            Last Modified        03/06/2018 09:49:53           Deleted Observations  0  
            Protection                                         Compressed            NO 
            Data Set Type                                      Sorted                NO 
            Label                                                                       
            Data Representation  WINDOWS_64                                             
            Encoding             wlatin1  Western (Windows)                             


                                 Engine/Host Dependent Information

Data Set Page Size          65536                                                                   
Number of Data Set Pages    1                                                                       
First Data Page             1                                                                       
Max Obs per Page            163                                                                     
Obs in First Data Page      0                                                                       
Number of Data Set Repairs  0                                                                       
ExtendObsCounter            YES                                                                     
Filename                    C:\Users\rrajbhan\AppData\Local\Temp\SAS Temporary                      
                            Files\_TD11344_L000903673_\flag_1.sas7bdat                              
Release Created             9.0401M4                                                                
Host Created                X64_7PRO                                                                
Owner Name                  BUILTIN\Administrators                                                  
File Size                   128KB                                                                   
File Size (bytes)           131072                                                                  


                             Alphabetic List of Variables and Attributes
 
 #    Variable             Type    Len    Format       Label

11    Age                  Num       3                                                              
 3    EncType              Char      2                 Encounter Type                               
 1    EncounterID          Char     17                 Mothers delivery encounterID                 
14    MatchMethod          Char      2                                                              
 4    adate                Num       4    MMDDYY10.    Admission date for mothers delivery encounter
 7    birth_type           Num       3                 # of babies born                             
 8    birth_type_primes    Num       8                 All birth types                              
12    cbirth_date          Num       4    MMDDYY10.    Child birth date                             
10    cenr_start           Num       4    DATE9.       Earliest infant enrollment start date        
 9    cpatid               Char     12    $12.         Child patient ID                             
 5    ddate                Num       4    MMDDYY10.    Discharge date for mothers delivery encounter
                                                                    09:49 Tuesday, March 6, 2018  29

                                       The CONTENTS Procedure

                             Alphabetic List of Variables and Attributes
 
 #    Variable             Type    Len    Format       Label

15    duprows              Num       8                                                              
17    flag_l2              Num       8                                                              
 6    mbirth_date          Num       4    MMDDYY10.    Mother birth date                            
16    message              Char    300                                                              
 2    mpatid               Char     12    $12.         Mother patient ID                            
13    sex                  Char      1                 Child sex                                    
                                                                    09:49 Tuesday, March 6, 2018  30

                                                   row
                                              ƒƒƒƒƒƒƒƒ
                                                     0
                                                                    09:49 Tuesday, March 6, 2018  31

                                       The CONTENTS Procedure

            Data Set Name        WORK.FLAG_2                   Observations          0  
            Member Type          DATA                          Variables             17 
            Engine               V9                            Indexes               0  
            Created              03/06/2018 09:49:53           Observation Length    400
            Last Modified        03/06/2018 09:49:53           Deleted Observations  0  
            Protection                                         Compressed            NO 
            Data Set Type                                      Sorted                NO 
            Label                                                                       
            Data Representation  WINDOWS_64                                             
            Encoding             wlatin1  Western (Windows)                             


                                 Engine/Host Dependent Information

Data Set Page Size          65536                                                                   
Number of Data Set Pages    1                                                                       
First Data Page             1                                                                       
Max Obs per Page            163                                                                     
Obs in First Data Page      0                                                                       
Number of Data Set Repairs  0                                                                       
ExtendObsCounter            YES                                                                     
Filename                    C:\Users\rrajbhan\AppData\Local\Temp\SAS Temporary                      
                            Files\_TD11344_L000903673_\flag_2.sas7bdat                              
Release Created             9.0401M4                                                                
Host Created                X64_7PRO                                                                
Owner Name                  BUILTIN\Administrators                                                  
File Size                   128KB                                                                   
File Size (bytes)           131072                                                                  


                             Alphabetic List of Variables and Attributes
 
 #    Variable             Type    Len    Format       Label

11    Age                  Num       3                                                              
 3    EncType              Char      2                 Encounter Type                               
 1    EncounterID          Char     17                 Mothers delivery encounterID                 
14    MatchMethod          Char      2                                                              
 4    adate                Num       4    MMDDYY10.    Admission date for mothers delivery encounter
 7    birth_type           Num       3                 # of babies born                             
 8    birth_type_primes    Num       8                 All birth types                              
12    cbirth_date          Num       4    MMDDYY10.    Child birth date                             
10    cenr_start           Num       4    DATE9.       Earliest infant enrollment start date        
 9    cpatid               Char     12    $12.         Child patient ID                             
 5    ddate                Num       4    MMDDYY10.    Discharge date for mothers delivery encounter
                                                                    09:49 Tuesday, March 6, 2018  32

                                       The CONTENTS Procedure

                             Alphabetic List of Variables and Attributes
 
 #    Variable             Type    Len    Format       Label

15    duprows              Num       8                                                              
17    flag_l2              Num       8                                                              
 6    mbirth_date          Num       4    MMDDYY10.    Mother birth date                            
16    message              Char    300                                                              
 2    mpatid               Char     12    $12.         Mother patient ID                            
13    sex                  Char      1                 Child sex                                    
                                                                    09:49 Tuesday, March 6, 2018  33

                                                   row
                                              ƒƒƒƒƒƒƒƒ
                                                     0
                                                                    09:49 Tuesday, March 6, 2018  34

                                       The CONTENTS Procedure

            Data Set Name        WORK.FLAG_3                   Observations          0  
            Member Type          DATA                          Variables             17 
            Engine               V9                            Indexes               0  
            Created              03/06/2018 09:49:53           Observation Length    400
            Last Modified        03/06/2018 09:49:53           Deleted Observations  0  
            Protection                                         Compressed            NO 
            Data Set Type                                      Sorted                NO 
            Label                                                                       
            Data Representation  WINDOWS_64                                             
            Encoding             wlatin1  Western (Windows)                             


                                 Engine/Host Dependent Information

Data Set Page Size          65536                                                                   
Number of Data Set Pages    1                                                                       
First Data Page             1                                                                       
Max Obs per Page            163                                                                     
Obs in First Data Page      0                                                                       
Number of Data Set Repairs  0                                                                       
ExtendObsCounter            YES                                                                     
Filename                    C:\Users\rrajbhan\AppData\Local\Temp\SAS Temporary                      
                            Files\_TD11344_L000903673_\flag_3.sas7bdat                              
Release Created             9.0401M4                                                                
Host Created                X64_7PRO                                                                
Owner Name                  BUILTIN\Administrators                                                  
File Size                   128KB                                                                   
File Size (bytes)           131072                                                                  


                             Alphabetic List of Variables and Attributes
 
 #    Variable             Type    Len    Format       Label

11    Age                  Num       3                                                              
 3    EncType              Char      2                 Encounter Type                               
 1    EncounterID          Char     17                 Mothers delivery encounterID                 
14    MatchMethod          Char      2                                                              
 4    adate                Num       4    MMDDYY10.    Admission date for mothers delivery encounter
 7    birth_type           Num       3                 # of babies born                             
 8    birth_type_primes    Num       8                 All birth types                              
12    cbirth_date          Num       4    MMDDYY10.    Child birth date                             
10    cenr_start           Num       4    DATE9.       Earliest infant enrollment start date        
 9    cpatid               Char     12    $12.         Child patient ID                             
 5    ddate                Num       4    MMDDYY10.    Discharge date for mothers delivery encounter
                                                                    09:49 Tuesday, March 6, 2018  35

                                       The CONTENTS Procedure

                             Alphabetic List of Variables and Attributes
 
 #    Variable             Type    Len    Format       Label

15    duprows              Num       8                                                              
17    flag_l2              Num       8                                                              
 6    mbirth_date          Num       4    MMDDYY10.    Mother birth date                            
16    message              Char    300                                                              
 2    mpatid               Char     12    $12.         Mother patient ID                            
13    sex                  Char      1                 Child sex                                    
                                                                    09:49 Tuesday, March 6, 2018  36

                                                   row
                                              ƒƒƒƒƒƒƒƒ
                                                     0
                                                                    09:49 Tuesday, March 6, 2018  37

                                       The CONTENTS Procedure

            Data Set Name        WORK.FLAG_4                   Observations          0  
            Member Type          DATA                          Variables             17 
            Engine               V9                            Indexes               0  
            Created              03/06/2018 09:49:53           Observation Length    400
            Last Modified        03/06/2018 09:49:53           Deleted Observations  0  
            Protection                                         Compressed            NO 
            Data Set Type                                      Sorted                NO 
            Label                                                                       
            Data Representation  WINDOWS_64                                             
            Encoding             wlatin1  Western (Windows)                             


                                 Engine/Host Dependent Information

Data Set Page Size          65536                                                                   
Number of Data Set Pages    1                                                                       
First Data Page             1                                                                       
Max Obs per Page            163                                                                     
Obs in First Data Page      0                                                                       
Number of Data Set Repairs  0                                                                       
ExtendObsCounter            YES                                                                     
Filename                    C:\Users\rrajbhan\AppData\Local\Temp\SAS Temporary                      
                            Files\_TD11344_L000903673_\flag_4.sas7bdat                              
Release Created             9.0401M4                                                                
Host Created                X64_7PRO                                                                
Owner Name                  BUILTIN\Administrators                                                  
File Size                   128KB                                                                   
File Size (bytes)           131072                                                                  


                             Alphabetic List of Variables and Attributes
 
 #    Variable             Type    Len    Format       Label

11    Age                  Num       3                                                              
 3    EncType              Char      2                 Encounter Type                               
 1    EncounterID          Char     17                 Mothers delivery encounterID                 
14    MatchMethod          Char      2                                                              
 4    adate                Num       4    MMDDYY10.    Admission date for mothers delivery encounter
 7    birth_type           Num       3                 # of babies born                             
 8    birth_type_primes    Num       8                 All birth types                              
12    cbirth_date          Num       4    MMDDYY10.    Child birth date                             
10    cenr_start           Num       4    DATE9.       Earliest infant enrollment start date        
 9    cpatid               Char     12    $12.         Child patient ID                             
 5    ddate                Num       4    MMDDYY10.    Discharge date for mothers delivery encounter
                                                                    09:49 Tuesday, March 6, 2018  38

                                       The CONTENTS Procedure

                             Alphabetic List of Variables and Attributes
 
 #    Variable             Type    Len    Format       Label

15    duprows              Num       8                                                              
17    flag_l2              Num       8                                                              
 6    mbirth_date          Num       4    MMDDYY10.    Mother birth date                            
16    message              Char    300                                                              
 2    mpatid               Char     12    $12.         Mother patient ID                            
13    sex                  Char      1                 Child sex                                    
                                                                    09:49 Tuesday, March 6, 2018  39

                                                   row
                                              ƒƒƒƒƒƒƒƒ
                                                     0
                                                                    09:49 Tuesday, March 6, 2018  40

                                       The CONTENTS Procedure

            Data Set Name        WORK.FLAG_5                   Observations          0  
            Member Type          DATA                          Variables             17 
            Engine               V9                            Indexes               0  
            Created              03/06/2018 09:49:53           Observation Length    400
            Last Modified        03/06/2018 09:49:53           Deleted Observations  0  
            Protection                                         Compressed            NO 
            Data Set Type                                      Sorted                NO 
            Label                                                                       
            Data Representation  WINDOWS_64                                             
            Encoding             wlatin1  Western (Windows)                             


                                 Engine/Host Dependent Information

Data Set Page Size          65536                                                                   
Number of Data Set Pages    1                                                                       
First Data Page             1                                                                       
Max Obs per Page            163                                                                     
Obs in First Data Page      0                                                                       
Number of Data Set Repairs  0                                                                       
ExtendObsCounter            YES                                                                     
Filename                    C:\Users\rrajbhan\AppData\Local\Temp\SAS Temporary                      
                            Files\_TD11344_L000903673_\flag_5.sas7bdat                              
Release Created             9.0401M4                                                                
Host Created                X64_7PRO                                                                
Owner Name                  BUILTIN\Administrators                                                  
File Size                   128KB                                                                   
File Size (bytes)           131072                                                                  


                             Alphabetic List of Variables and Attributes
 
 #    Variable             Type    Len    Format       Label

11    Age                  Num       3                                                              
 3    EncType              Char      2                 Encounter Type                               
 1    EncounterID          Char     17                 Mothers delivery encounterID                 
14    MatchMethod          Char      2                                                              
 4    adate                Num       4    MMDDYY10.    Admission date for mothers delivery encounter
 7    birth_type           Num       3                 # of babies born                             
 8    birth_type_primes    Num       8                 All birth types                              
12    cbirth_date          Num       4    MMDDYY10.    Child birth date                             
10    cenr_start           Num       4    DATE9.       Earliest infant enrollment start date        
 9    cpatid               Char     12    $12.         Child patient ID                             
 5    ddate                Num       4    MMDDYY10.    Discharge date for mothers delivery encounter
                                                                    09:49 Tuesday, March 6, 2018  41

                                       The CONTENTS Procedure

                             Alphabetic List of Variables and Attributes
 
 #    Variable             Type    Len    Format       Label

15    duprows              Num       8                                                              
17    flag_l2              Num       8                                                              
 6    mbirth_date          Num       4    MMDDYY10.    Mother birth date                            
16    message              Char    300                                                              
 2    mpatid               Char     12    $12.         Mother patient ID                            
13    sex                  Char      1                 Child sex                                    
                                                                    09:49 Tuesday, March 6, 2018  42

                                                   row
                                              ƒƒƒƒƒƒƒƒ
                                                     0
                                                                    09:49 Tuesday, March 6, 2018  43

                                       The CONTENTS Procedure

            Data Set Name        WORK.FLAG_6                   Observations          0  
            Member Type          DATA                          Variables             17 
            Engine               V9                            Indexes               0  
            Created              03/06/2018 09:49:53           Observation Length    400
            Last Modified        03/06/2018 09:49:53           Deleted Observations  0  
            Protection                                         Compressed            NO 
            Data Set Type                                      Sorted                NO 
            Label                                                                       
            Data Representation  WINDOWS_64                                             
            Encoding             wlatin1  Western (Windows)                             


                                 Engine/Host Dependent Information

Data Set Page Size          65536                                                                   
Number of Data Set Pages    1                                                                       
First Data Page             1                                                                       
Max Obs per Page            163                                                                     
Obs in First Data Page      0                                                                       
Number of Data Set Repairs  0                                                                       
ExtendObsCounter            YES                                                                     
Filename                    C:\Users\rrajbhan\AppData\Local\Temp\SAS Temporary                      
                            Files\_TD11344_L000903673_\flag_6.sas7bdat                              
Release Created             9.0401M4                                                                
Host Created                X64_7PRO                                                                
Owner Name                  BUILTIN\Administrators                                                  
File Size                   128KB                                                                   
File Size (bytes)           131072                                                                  


                             Alphabetic List of Variables and Attributes
 
 #    Variable             Type    Len    Format       Label

11    Age                  Num       3                                                              
 3    EncType              Char      2                 Encounter Type                               
 1    EncounterID          Char     17                 Mothers delivery encounterID                 
14    MatchMethod          Char      2                                                              
 4    adate                Num       4    MMDDYY10.    Admission date for mothers delivery encounter
 7    birth_type           Num       3                 # of babies born                             
 8    birth_type_primes    Num       8                 All birth types                              
12    cbirth_date          Num       4    MMDDYY10.    Child birth date                             
10    cenr_start           Num       4    DATE9.       Earliest infant enrollment start date        
 9    cpatid               Char     12    $12.         Child patient ID                             
 5    ddate                Num       4    MMDDYY10.    Discharge date for mothers delivery encounter
                                                                    09:49 Tuesday, March 6, 2018  44

                                       The CONTENTS Procedure

                             Alphabetic List of Variables and Attributes
 
 #    Variable             Type    Len    Format       Label

15    duprows              Num       8                                                              
17    flag_l2              Num       8                                                              
 6    mbirth_date          Num       4    MMDDYY10.    Mother birth date                            
16    message              Char    300                                                              
 2    mpatid               Char     12    $12.         Mother patient ID                            
13    sex                  Char      1                 Child sex                                    
                                                                    09:49 Tuesday, March 6, 2018  45

                                                   row
                                              ƒƒƒƒƒƒƒƒ
                                                     0
                                                                    09:49 Tuesday, March 6, 2018  46

                                       The CONTENTS Procedure

            Data Set Name        WORK.FLAG_7                   Observations          0  
            Member Type          DATA                          Variables             17 
            Engine               V9                            Indexes               0  
            Created              03/06/2018 09:49:53           Observation Length    400
            Last Modified        03/06/2018 09:49:53           Deleted Observations  0  
            Protection                                         Compressed            NO 
            Data Set Type                                      Sorted                NO 
            Label                                                                       
            Data Representation  WINDOWS_64                                             
            Encoding             wlatin1  Western (Windows)                             


                                 Engine/Host Dependent Information

Data Set Page Size          65536                                                                   
Number of Data Set Pages    1                                                                       
First Data Page             1                                                                       
Max Obs per Page            163                                                                     
Obs in First Data Page      0                                                                       
Number of Data Set Repairs  0                                                                       
ExtendObsCounter            YES                                                                     
Filename                    C:\Users\rrajbhan\AppData\Local\Temp\SAS Temporary                      
                            Files\_TD11344_L000903673_\flag_7.sas7bdat                              
Release Created             9.0401M4                                                                
Host Created                X64_7PRO                                                                
Owner Name                  BUILTIN\Administrators                                                  
File Size                   128KB                                                                   
File Size (bytes)           131072                                                                  


                             Alphabetic List of Variables and Attributes
 
 #    Variable             Type    Len    Format       Label

11    Age                  Num       3                                                              
 3    EncType              Char      2                 Encounter Type                               
 1    EncounterID          Char     17                 Mothers delivery encounterID                 
14    MatchMethod          Char      2                                                              
 4    adate                Num       4    MMDDYY10.    Admission date for mothers delivery encounter
 7    birth_type           Num       3                 # of babies born                             
 8    birth_type_primes    Num       8                 All birth types                              
12    cbirth_date          Num       4    MMDDYY10.    Child birth date                             
10    cenr_start           Num       4    DATE9.       Earliest infant enrollment start date        
 9    cpatid               Char     12    $12.         Child patient ID                             
 5    ddate                Num       4    MMDDYY10.    Discharge date for mothers delivery encounter
                                                                    09:49 Tuesday, March 6, 2018  47

                                       The CONTENTS Procedure

                             Alphabetic List of Variables and Attributes
 
 #    Variable             Type    Len    Format       Label

15    duprows              Num       8                                                              
17    flag_l2              Num       8                                                              
 6    mbirth_date          Num       4    MMDDYY10.    Mother birth date                            
16    message              Char    300                                                              
 2    mpatid               Char     12    $12.         Mother patient ID                            
13    sex                  Char      1                 Child sex                                    
                                                                    09:49 Tuesday, March 6, 2018  48

                                       The CONTENTS Procedure

            Data Set Name        WORK.FLAG_1                   Observations          0  
            Member Type          DATA                          Variables             16 
            Engine               V9                            Indexes               0  
            Created              03/06/2018 09:49:53           Observation Length    392
            Last Modified        03/06/2018 09:49:53           Deleted Observations  0  
            Protection                                         Compressed            NO 
            Data Set Type                                      Sorted                NO 
            Label                                                                       
            Data Representation  WINDOWS_64                                             
            Encoding             wlatin1  Western (Windows)                             


                                 Engine/Host Dependent Information

Data Set Page Size          65536                                                                   
Number of Data Set Pages    1                                                                       
First Data Page             1                                                                       
Max Obs per Page            167                                                                     
Obs in First Data Page      0                                                                       
Number of Data Set Repairs  0                                                                       
ExtendObsCounter            YES                                                                     
Filename                    C:\Users\rrajbhan\AppData\Local\Temp\SAS Temporary                      
                            Files\_TD11344_L000903673_\flag_1.sas7bdat                              
Release Created             9.0401M4                                                                
Host Created                X64_7PRO                                                                
Owner Name                  BUILTIN\Administrators                                                  
File Size                   128KB                                                                   
File Size (bytes)           131072                                                                  


                             Alphabetic List of Variables and Attributes
 
 #    Variable             Type    Len    Format       Label

11    Age                  Num       3                                                              
 3    EncType              Char      2                 Encounter Type                               
 1    EncounterID          Char     17                 Mothers delivery encounterID                 
14    MatchMethod          Char      2                                                              
 4    adate                Num       4    MMDDYY10.    Admission date for mothers delivery encounter
 7    birth_type           Num       3                 # of babies born                             
 8    birth_type_primes    Num       8                 All birth types                              
12    cbirth_date          Num       4    MMDDYY10.    Child birth date                             
10    cenr_start           Num       4    DATE9.       Earliest infant enrollment start date        
 9    cpatid               Char     12    $12.         Child patient ID                             
 5    ddate                Num       4    MMDDYY10.    Discharge date for mothers delivery encounter
                                                                    09:49 Tuesday, March 6, 2018  49

                                       The CONTENTS Procedure

                             Alphabetic List of Variables and Attributes
 
 #    Variable             Type    Len    Format       Label

16    flag_12              Num       8                                                              
 6    mbirth_date          Num       4    MMDDYY10.    Mother birth date                            
15    message              Char    300                                                              
 2    mpatid               Char     12    $12.         Mother patient ID                            
13    sex                  Char      1                 Child sex                                    
                                                                    09:49 Tuesday, March 6, 2018  50

                                       The CONTENTS Procedure

            Data Set Name        WORK.FLAG_2                   Observations          0  
            Member Type          DATA                          Variables             16 
            Engine               V9                            Indexes               0  
            Created              03/06/2018 09:49:53           Observation Length    392
            Last Modified        03/06/2018 09:49:53           Deleted Observations  0  
            Protection                                         Compressed            NO 
            Data Set Type                                      Sorted                NO 
            Label                                                                       
            Data Representation  WINDOWS_64                                             
            Encoding             wlatin1  Western (Windows)                             


                                 Engine/Host Dependent Information

Data Set Page Size          65536                                                                   
Number of Data Set Pages    1                                                                       
First Data Page             1                                                                       
Max Obs per Page            167                                                                     
Obs in First Data Page      0                                                                       
Number of Data Set Repairs  0                                                                       
ExtendObsCounter            YES                                                                     
Filename                    C:\Users\rrajbhan\AppData\Local\Temp\SAS Temporary                      
                            Files\_TD11344_L000903673_\flag_2.sas7bdat                              
Release Created             9.0401M4                                                                
Host Created                X64_7PRO                                                                
Owner Name                  BUILTIN\Administrators                                                  
File Size                   128KB                                                                   
File Size (bytes)           131072                                                                  


                             Alphabetic List of Variables and Attributes
 
 #    Variable             Type    Len    Format       Label

11    Age                  Num       3                                                              
 3    EncType              Char      2                 Encounter Type                               
 1    EncounterID          Char     17                 Mothers delivery encounterID                 
14    MatchMethod          Char      2                                                              
 4    adate                Num       4    MMDDYY10.    Admission date for mothers delivery encounter
 7    birth_type           Num       3                 # of babies born                             
 8    birth_type_primes    Num       8                 All birth types                              
12    cbirth_date          Num       4    MMDDYY10.    Child birth date                             
10    cenr_start           Num       4    DATE9.       Earliest infant enrollment start date        
 9    cpatid               Char     12    $12.         Child patient ID                             
 5    ddate                Num       4    MMDDYY10.    Discharge date for mothers delivery encounter
                                                                    09:49 Tuesday, March 6, 2018  51

                                       The CONTENTS Procedure

                             Alphabetic List of Variables and Attributes
 
 #    Variable             Type    Len    Format       Label

16    flag_12              Num       8                                                              
 6    mbirth_date          Num       4    MMDDYY10.    Mother birth date                            
15    message              Char    300                                                              
 2    mpatid               Char     12    $12.         Mother patient ID                            
13    sex                  Char      1                 Child sex                                    
                                                                    09:49 Tuesday, March 6, 2018  52

                                       The CONTENTS Procedure

            Data Set Name        WORK.FLAG_3                   Observations          0  
            Member Type          DATA                          Variables             16 
            Engine               V9                            Indexes               0  
            Created              03/06/2018 09:49:53           Observation Length    392
            Last Modified        03/06/2018 09:49:53           Deleted Observations  0  
            Protection                                         Compressed            NO 
            Data Set Type                                      Sorted                NO 
            Label                                                                       
            Data Representation  WINDOWS_64                                             
            Encoding             wlatin1  Western (Windows)                             


                                 Engine/Host Dependent Information

Data Set Page Size          65536                                                                   
Number of Data Set Pages    1                                                                       
First Data Page             1                                                                       
Max Obs per Page            167                                                                     
Obs in First Data Page      0                                                                       
Number of Data Set Repairs  0                                                                       
ExtendObsCounter            YES                                                                     
Filename                    C:\Users\rrajbhan\AppData\Local\Temp\SAS Temporary                      
                            Files\_TD11344_L000903673_\flag_3.sas7bdat                              
Release Created             9.0401M4                                                                
Host Created                X64_7PRO                                                                
Owner Name                  BUILTIN\Administrators                                                  
File Size                   128KB                                                                   
File Size (bytes)           131072                                                                  


                             Alphabetic List of Variables and Attributes
 
 #    Variable             Type    Len    Format       Label

11    Age                  Num       3                                                              
 3    EncType              Char      2                 Encounter Type                               
 1    EncounterID          Char     17                 Mothers delivery encounterID                 
14    MatchMethod          Char      2                                                              
 4    adate                Num       4    MMDDYY10.    Admission date for mothers delivery encounter
 7    birth_type           Num       3                 # of babies born                             
 8    birth_type_primes    Num       8                 All birth types                              
12    cbirth_date          Num       4    MMDDYY10.    Child birth date                             
10    cenr_start           Num       4    DATE9.       Earliest infant enrollment start date        
 9    cpatid               Char     12    $12.         Child patient ID                             
 5    ddate                Num       4    MMDDYY10.    Discharge date for mothers delivery encounter
                                                                    09:49 Tuesday, March 6, 2018  53

                                       The CONTENTS Procedure

                             Alphabetic List of Variables and Attributes
 
 #    Variable             Type    Len    Format       Label

16    flag_12              Num       8                                                              
 6    mbirth_date          Num       4    MMDDYY10.    Mother birth date                            
15    message              Char    300                                                              
 2    mpatid               Char     12    $12.         Mother patient ID                            
13    sex                  Char      1                 Child sex                                    
                                                                    09:49 Tuesday, March 6, 2018  54

                                       The CONTENTS Procedure

            Data Set Name        WORK.FLAG_4                   Observations          0  
            Member Type          DATA                          Variables             16 
            Engine               V9                            Indexes               0  
            Created              03/06/2018 09:49:53           Observation Length    392
            Last Modified        03/06/2018 09:49:53           Deleted Observations  0  
            Protection                                         Compressed            NO 
            Data Set Type                                      Sorted                NO 
            Label                                                                       
            Data Representation  WINDOWS_64                                             
            Encoding             wlatin1  Western (Windows)                             


                                 Engine/Host Dependent Information

Data Set Page Size          65536                                                                   
Number of Data Set Pages    1                                                                       
First Data Page             1                                                                       
Max Obs per Page            167                                                                     
Obs in First Data Page      0                                                                       
Number of Data Set Repairs  0                                                                       
ExtendObsCounter            YES                                                                     
Filename                    C:\Users\rrajbhan\AppData\Local\Temp\SAS Temporary                      
                            Files\_TD11344_L000903673_\flag_4.sas7bdat                              
Release Created             9.0401M4                                                                
Host Created                X64_7PRO                                                                
Owner Name                  BUILTIN\Administrators                                                  
File Size                   128KB                                                                   
File Size (bytes)           131072                                                                  


                             Alphabetic List of Variables and Attributes
 
 #    Variable             Type    Len    Format       Label

11    Age                  Num       3                                                              
 3    EncType              Char      2                 Encounter Type                               
 1    EncounterID          Char     17                 Mothers delivery encounterID                 
14    MatchMethod          Char      2                                                              
 4    adate                Num       4    MMDDYY10.    Admission date for mothers delivery encounter
 7    birth_type           Num       3                 # of babies born                             
 8    birth_type_primes    Num       8                 All birth types                              
12    cbirth_date          Num       4    MMDDYY10.    Child birth date                             
10    cenr_start           Num       4    DATE9.       Earliest infant enrollment start date        
 9    cpatid               Char     12    $12.         Child patient ID                             
 5    ddate                Num       4    MMDDYY10.    Discharge date for mothers delivery encounter
                                                                    09:49 Tuesday, March 6, 2018  55

                                       The CONTENTS Procedure

                             Alphabetic List of Variables and Attributes
 
 #    Variable             Type    Len    Format       Label

16    flag_12              Num       8                                                              
 6    mbirth_date          Num       4    MMDDYY10.    Mother birth date                            
15    message              Char    300                                                              
 2    mpatid               Char     12    $12.         Mother patient ID                            
13    sex                  Char      1                 Child sex                                    
                                                                    09:49 Tuesday, March 6, 2018  56

                                       The CONTENTS Procedure

            Data Set Name        WORK.FLAG_5                   Observations          0  
            Member Type          DATA                          Variables             16 
            Engine               V9                            Indexes               0  
            Created              03/06/2018 09:49:53           Observation Length    392
            Last Modified        03/06/2018 09:49:53           Deleted Observations  0  
            Protection                                         Compressed            NO 
            Data Set Type                                      Sorted                NO 
            Label                                                                       
            Data Representation  WINDOWS_64                                             
            Encoding             wlatin1  Western (Windows)                             


                                 Engine/Host Dependent Information

Data Set Page Size          65536                                                                   
Number of Data Set Pages    1                                                                       
First Data Page             1                                                                       
Max Obs per Page            167                                                                     
Obs in First Data Page      0                                                                       
Number of Data Set Repairs  0                                                                       
ExtendObsCounter            YES                                                                     
Filename                    C:\Users\rrajbhan\AppData\Local\Temp\SAS Temporary                      
                            Files\_TD11344_L000903673_\flag_5.sas7bdat                              
Release Created             9.0401M4                                                                
Host Created                X64_7PRO                                                                
Owner Name                  BUILTIN\Administrators                                                  
File Size                   128KB                                                                   
File Size (bytes)           131072                                                                  


                             Alphabetic List of Variables and Attributes
 
 #    Variable             Type    Len    Format       Label

11    Age                  Num       3                                                              
 3    EncType              Char      2                 Encounter Type                               
 1    EncounterID          Char     17                 Mothers delivery encounterID                 
14    MatchMethod          Char      2                                                              
 4    adate                Num       4    MMDDYY10.    Admission date for mothers delivery encounter
 7    birth_type           Num       3                 # of babies born                             
 8    birth_type_primes    Num       8                 All birth types                              
12    cbirth_date          Num       4    MMDDYY10.    Child birth date                             
10    cenr_start           Num       4    DATE9.       Earliest infant enrollment start date        
 9    cpatid               Char     12    $12.         Child patient ID                             
 5    ddate                Num       4    MMDDYY10.    Discharge date for mothers delivery encounter
                                                                    09:49 Tuesday, March 6, 2018  57

                                       The CONTENTS Procedure

                             Alphabetic List of Variables and Attributes
 
 #    Variable             Type    Len    Format       Label

16    flag_12              Num       8                                                              
 6    mbirth_date          Num       4    MMDDYY10.    Mother birth date                            
15    message              Char    300                                                              
 2    mpatid               Char     12    $12.         Mother patient ID                            
13    sex                  Char      1                 Child sex                                    
                                                                    09:49 Tuesday, March 6, 2018  58

                                       The CONTENTS Procedure

            Data Set Name        WORK.FLAG_6                   Observations          0  
            Member Type          DATA                          Variables             16 
            Engine               V9                            Indexes               0  
            Created              03/06/2018 09:49:53           Observation Length    392
            Last Modified        03/06/2018 09:49:53           Deleted Observations  0  
            Protection                                         Compressed            NO 
            Data Set Type                                      Sorted                NO 
            Label                                                                       
            Data Representation  WINDOWS_64                                             
            Encoding             wlatin1  Western (Windows)                             


                                 Engine/Host Dependent Information

Data Set Page Size          65536                                                                   
Number of Data Set Pages    1                                                                       
First Data Page             1                                                                       
Max Obs per Page            167                                                                     
Obs in First Data Page      0                                                                       
Number of Data Set Repairs  0                                                                       
ExtendObsCounter            YES                                                                     
Filename                    C:\Users\rrajbhan\AppData\Local\Temp\SAS Temporary                      
                            Files\_TD11344_L000903673_\flag_6.sas7bdat                              
Release Created             9.0401M4                                                                
Host Created                X64_7PRO                                                                
Owner Name                  BUILTIN\Administrators                                                  
File Size                   128KB                                                                   
File Size (bytes)           131072                                                                  


                             Alphabetic List of Variables and Attributes
 
 #    Variable             Type    Len    Format       Label

11    Age                  Num       3                                                              
 3    EncType              Char      2                 Encounter Type                               
 1    EncounterID          Char     17                 Mothers delivery encounterID                 
14    MatchMethod          Char      2                                                              
 4    adate                Num       4    MMDDYY10.    Admission date for mothers delivery encounter
 7    birth_type           Num       3                 # of babies born                             
 8    birth_type_primes    Num       8                 All birth types                              
12    cbirth_date          Num       4    MMDDYY10.    Child birth date                             
10    cenr_start           Num       4    DATE9.       Earliest infant enrollment start date        
 9    cpatid               Char     12    $12.         Child patient ID                             
 5    ddate                Num       4    MMDDYY10.    Discharge date for mothers delivery encounter
                                                                    09:49 Tuesday, March 6, 2018  59

                                       The CONTENTS Procedure

                             Alphabetic List of Variables and Attributes
 
 #    Variable             Type    Len    Format       Label

16    flag_12              Num       8                                                              
 6    mbirth_date          Num       4    MMDDYY10.    Mother birth date                            
15    message              Char    300                                                              
 2    mpatid               Char     12    $12.         Mother patient ID                            
13    sex                  Char      1                 Child sex                                    
                                                                    09:49 Tuesday, March 6, 2018  60

                                       The CONTENTS Procedure

            Data Set Name        WORK.FLAG_7                   Observations          0  
            Member Type          DATA                          Variables             16 
            Engine               V9                            Indexes               0  
            Created              03/06/2018 09:49:54           Observation Length    392
            Last Modified        03/06/2018 09:49:54           Deleted Observations  0  
            Protection                                         Compressed            NO 
            Data Set Type                                      Sorted                NO 
            Label                                                                       
            Data Representation  WINDOWS_64                                             
            Encoding             wlatin1  Western (Windows)                             


                                 Engine/Host Dependent Information

Data Set Page Size          65536                                                                   
Number of Data Set Pages    1                                                                       
First Data Page             1                                                                       
Max Obs per Page            167                                                                     
Obs in First Data Page      0                                                                       
Number of Data Set Repairs  0                                                                       
ExtendObsCounter            YES                                                                     
Filename                    C:\Users\rrajbhan\AppData\Local\Temp\SAS Temporary                      
                            Files\_TD11344_L000903673_\flag_7.sas7bdat                              
Release Created             9.0401M4                                                                
Host Created                X64_7PRO                                                                
Owner Name                  BUILTIN\Administrators                                                  
File Size                   128KB                                                                   
File Size (bytes)           131072                                                                  


                             Alphabetic List of Variables and Attributes
 
 #    Variable             Type    Len    Format       Label

11    Age                  Num       3                                                              
 3    EncType              Char      2                 Encounter Type                               
 1    EncounterID          Char     17                 Mothers delivery encounterID                 
14    MatchMethod          Char      2                                                              
 4    adate                Num       4    MMDDYY10.    Admission date for mothers delivery encounter
 7    birth_type           Num       3                 # of babies born                             
 8    birth_type_primes    Num       8                 All birth types                              
12    cbirth_date          Num       4    MMDDYY10.    Child birth date                             
10    cenr_start           Num       4    DATE9.       Earliest infant enrollment start date        
 9    cpatid               Char     12    $12.         Child patient ID                             
 5    ddate                Num       4    MMDDYY10.    Discharge date for mothers delivery encounter
                                                                    09:49 Tuesday, March 6, 2018  61

                                       The CONTENTS Procedure

                             Alphabetic List of Variables and Attributes
 
 #    Variable             Type    Len    Format       Label

16    flag_12              Num       8                                                              
 6    mbirth_date          Num       4    MMDDYY10.    Mother birth date                            
15    message              Char    300                                                              
 2    mpatid               Char     12    $12.         Mother patient ID                            
13    sex                  Char      1                 Child sex                                    
                                                                    09:49 Tuesday, March 6, 2018  62

                                       The CONTENTS Procedure

            Data Set Name        WORK.FLAG_1                   Observations          0  
            Member Type          DATA                          Variables             16 
            Engine               V9                            Indexes               0  
            Created              03/06/2018 09:49:54           Observation Length    392
            Last Modified        03/06/2018 09:49:54           Deleted Observations  0  
            Protection                                         Compressed            NO 
            Data Set Type                                      Sorted                NO 
            Label                                                                       
            Data Representation  WINDOWS_64                                             
            Encoding             wlatin1  Western (Windows)                             


                                 Engine/Host Dependent Information

Data Set Page Size          65536                                                                   
Number of Data Set Pages    1                                                                       
First Data Page             1                                                                       
Max Obs per Page            167                                                                     
Obs in First Data Page      0                                                                       
Number of Data Set Repairs  0                                                                       
ExtendObsCounter            YES                                                                     
Filename                    C:\Users\rrajbhan\AppData\Local\Temp\SAS Temporary                      
                            Files\_TD11344_L000903673_\flag_1.sas7bdat                              
Release Created             9.0401M4                                                                
Host Created                X64_7PRO                                                                
Owner Name                  BUILTIN\Administrators                                                  
File Size                   128KB                                                                   
File Size (bytes)           131072                                                                  


                             Alphabetic List of Variables and Attributes
 
 #    Variable             Type    Len    Format       Label

11    Age                  Num       3                                                              
 3    EncType              Char      2                 Encounter Type                               
 1    EncounterID          Char     17                 Mothers delivery encounterID                 
14    MatchMethod          Char      2                                                              
 4    adate                Num       4    MMDDYY10.    Admission date for mothers delivery encounter
 7    birth_type           Num       3                 # of babies born                             
 8    birth_type_primes    Num       8                 All birth types                              
12    cbirth_date          Num       4    MMDDYY10.    Child birth date                             
10    cenr_start           Num       4    DATE9.       Earliest infant enrollment start date        
 9    cpatid               Char     12    $12.         Child patient ID                             
 5    ddate                Num       4    MMDDYY10.    Discharge date for mothers delivery encounter
                                                                    09:49 Tuesday, March 6, 2018  63

                                       The CONTENTS Procedure

                             Alphabetic List of Variables and Attributes
 
 #    Variable             Type    Len    Format       Label

16    flag_12              Num       8                                                              
 6    mbirth_date          Num       4    MMDDYY10.    Mother birth date                            
15    message              Char    300                                                              
 2    mpatid               Char     12    $12.         Mother patient ID                            
13    sex                  Char      1                 Child sex                                    
                                                                    09:49 Tuesday, March 6, 2018  64

                                       The CONTENTS Procedure

            Data Set Name        WORK.FLAG_1                   Observations          0  
            Member Type          DATA                          Variables             17 
            Engine               V9                            Indexes               0  
            Created              03/06/2018 09:49:54           Observation Length    400
            Last Modified        03/06/2018 09:49:54           Deleted Observations  0  
            Protection                                         Compressed            NO 
            Data Set Type                                      Sorted                NO 
            Label                                                                       
            Data Representation  WINDOWS_64                                             
            Encoding             wlatin1  Western (Windows)                             


                                 Engine/Host Dependent Information

Data Set Page Size          65536                                                                   
Number of Data Set Pages    1                                                                       
First Data Page             1                                                                       
Max Obs per Page            163                                                                     
Obs in First Data Page      0                                                                       
Number of Data Set Repairs  0                                                                       
ExtendObsCounter            YES                                                                     
Filename                    C:\Users\rrajbhan\AppData\Local\Temp\SAS Temporary                      
                            Files\_TD11344_L000903673_\flag_1.sas7bdat                              
Release Created             9.0401M4                                                                
Host Created                X64_7PRO                                                                
Owner Name                  BUILTIN\Administrators                                                  
File Size                   128KB                                                                   
File Size (bytes)           131072                                                                  


                             Alphabetic List of Variables and Attributes
 
 #    Variable             Type    Len    Format       Label

11    Age                  Num       3                                                              
 3    EncType              Char      2                 Encounter Type                               
 1    EncounterID          Char     17                 Mothers delivery encounterID                 
14    MatchMethod          Char      2                                                              
 4    adate                Num       4    MMDDYY10.    Admission date for mothers delivery encounter
 7    birth_type           Num       3                 # of babies born                             
 8    birth_type_primes    Num       8                 All birth types                              
12    cbirth_date          Num       4    MMDDYY10.    Child birth date                             
10    cenr_start           Num       4    DATE9.       Earliest infant enrollment start date        
 9    cpatid               Char     12    $12.         Child patient ID                             
 5    ddate                Num       4    MMDDYY10.    Discharge date for mothers delivery encounter
                                                                    09:49 Tuesday, March 6, 2018  65

                                       The CONTENTS Procedure

                             Alphabetic List of Variables and Attributes
 
 #    Variable             Type    Len    Format       Label

16    flag_12              Num       8                                                              
 6    mbirth_date          Num       4    MMDDYY10.    Mother birth date                            
15    message              Char    300                                                              
 2    mpatid               Char     12    $12.         Mother patient ID                            
13    sex                  Char      1                 Child sex                                    
17    value                Num       8                                                              
                                                                    09:49 Tuesday, March 6, 2018  66

                                       The CONTENTS Procedure

            Data Set Name        WORK.FLAG_1                   Observations          0  
            Member Type          DATA                          Variables             16 
            Engine               V9                            Indexes               0  
            Created              03/06/2018 09:49:54           Observation Length    392
            Last Modified        03/06/2018 09:49:54           Deleted Observations  0  
            Protection                                         Compressed            NO 
            Data Set Type                                      Sorted                NO 
            Label                                                                       
            Data Representation  WINDOWS_64                                             
            Encoding             wlatin1  Western (Windows)                             


                                 Engine/Host Dependent Information

Data Set Page Size          65536                                                                   
Number of Data Set Pages    1                                                                       
First Data Page             1                                                                       
Max Obs per Page            167                                                                     
Obs in First Data Page      0                                                                       
Number of Data Set Repairs  0                                                                       
ExtendObsCounter            YES                                                                     
Filename                    C:\Users\rrajbhan\AppData\Local\Temp\SAS Temporary                      
                            Files\_TD11344_L000903673_\flag_1.sas7bdat                              
Release Created             9.0401M4                                                                
Host Created                X64_7PRO                                                                
Owner Name                  BUILTIN\Administrators                                                  
File Size                   128KB                                                                   
File Size (bytes)           131072                                                                  


                             Alphabetic List of Variables and Attributes
 
 #    Variable             Type    Len    Format       Label

11    Age                  Num       3                                                              
 3    EncType              Char      2                 Encounter Type                               
 1    EncounterID          Char     17                 Mothers delivery encounterID                 
14    MatchMethod          Char      2                                                              
 4    adate                Num       4    MMDDYY10.    Admission date for mothers delivery encounter
 7    birth_type           Num       3                 # of babies born                             
 8    birth_type_primes    Num       8                 All birth types                              
12    cbirth_date          Num       4    MMDDYY10.    Child birth date                             
10    cenr_start           Num       4    DATE9.       Earliest infant enrollment start date        
 9    cpatid               Char     12    $12.         Child patient ID                             
 5    ddate                Num       4    MMDDYY10.    Discharge date for mothers delivery encounter
                                                                    09:49 Tuesday, March 6, 2018  67

                                       The CONTENTS Procedure

                             Alphabetic List of Variables and Attributes
 
 #    Variable             Type    Len    Format       Label

16    flag_12              Num       8                                                              
 6    mbirth_date          Num       4    MMDDYY10.    Mother birth date                            
15    message              Char    300                                                              
 2    mpatid               Char     12    $12.         Mother patient ID                            
13    sex                  Char      1                 Child sex                                    
                                                                    09:49 Tuesday, March 6, 2018  68

                                       The CONTENTS Procedure

            Data Set Name        WORK.FLAG_1                   Observations          0  
            Member Type          DATA                          Variables             16 
            Engine               V9                            Indexes               0  
            Created              03/06/2018 09:49:54           Observation Length    392
            Last Modified        03/06/2018 09:49:54           Deleted Observations  0  
            Protection                                         Compressed            NO 
            Data Set Type                                      Sorted                NO 
            Label                                                                       
            Data Representation  WINDOWS_64                                             
            Encoding             wlatin1  Western (Windows)                             


                                 Engine/Host Dependent Information

Data Set Page Size          65536                                                                   
Number of Data Set Pages    1                                                                       
First Data Page             1                                                                       
Max Obs per Page            167                                                                     
Obs in First Data Page      0                                                                       
Number of Data Set Repairs  0                                                                       
ExtendObsCounter            YES                                                                     
Filename                    C:\Users\rrajbhan\AppData\Local\Temp\SAS Temporary                      
                            Files\_TD11344_L000903673_\flag_1.sas7bdat                              
Release Created             9.0401M4                                                                
Host Created                X64_7PRO                                                                
Owner Name                  BUILTIN\Administrators                                                  
File Size                   128KB                                                                   
File Size (bytes)           131072                                                                  


                             Alphabetic List of Variables and Attributes
 
 #    Variable             Type    Len    Format       Label

11    Age                  Num       3                                                              
 3    EncType              Char      2                 Encounter Type                               
 1    EncounterID          Char     17                 Mothers delivery encounterID                 
14    MatchMethod          Char      2                                                              
 4    adate                Num       4    MMDDYY10.    Admission date for mothers delivery encounter
 7    birth_type           Num       3                 # of babies born                             
 8    birth_type_primes    Num       8                 All birth types                              
12    cbirth_date          Num       4    MMDDYY10.    Child birth date                             
10    cenr_start           Num       4    DATE9.       Earliest infant enrollment start date        
 9    cpatid               Char     12    $12.         Child patient ID                             
 5    ddate                Num       4    MMDDYY10.    Discharge date for mothers delivery encounter
                                                                    09:49 Tuesday, March 6, 2018  69

                                       The CONTENTS Procedure

                             Alphabetic List of Variables and Attributes
 
 #    Variable             Type    Len    Format       Label

16    flag_12              Num       8                                                              
 6    mbirth_date          Num       4    MMDDYY10.    Mother birth date                            
15    message              Char    300                                                              
 2    mpatid               Char     12    $12.         Mother patient ID                            
13    sex                  Char      1                 Child sex                                    
                                                                    09:49 Tuesday, March 6, 2018  70

                                       The CONTENTS Procedure

            Data Set Name        WORK.FLAG_2                   Observations          0  
            Member Type          DATA                          Variables             16 
            Engine               V9                            Indexes               0  
            Created              03/06/2018 09:49:54           Observation Length    392
            Last Modified        03/06/2018 09:49:54           Deleted Observations  0  
            Protection                                         Compressed            NO 
            Data Set Type                                      Sorted                NO 
            Label                                                                       
            Data Representation  WINDOWS_64                                             
            Encoding             wlatin1  Western (Windows)                             


                                 Engine/Host Dependent Information

Data Set Page Size          65536                                                                   
Number of Data Set Pages    1                                                                       
First Data Page             1                                                                       
Max Obs per Page            167                                                                     
Obs in First Data Page      0                                                                       
Number of Data Set Repairs  0                                                                       
ExtendObsCounter            YES                                                                     
Filename                    C:\Users\rrajbhan\AppData\Local\Temp\SAS Temporary                      
                            Files\_TD11344_L000903673_\flag_2.sas7bdat                              
Release Created             9.0401M4                                                                
Host Created                X64_7PRO                                                                
Owner Name                  BUILTIN\Administrators                                                  
File Size                   128KB                                                                   
File Size (bytes)           131072                                                                  


                             Alphabetic List of Variables and Attributes
 
 #    Variable             Type    Len    Format       Label

11    Age                  Num       3                                                              
 3    EncType              Char      2                 Encounter Type                               
 1    EncounterID          Char     17                 Mothers delivery encounterID                 
14    MatchMethod          Char      2                                                              
 4    adate                Num       4    MMDDYY10.    Admission date for mothers delivery encounter
 7    birth_type           Num       3                 # of babies born                             
 8    birth_type_primes    Num       8                 All birth types                              
12    cbirth_date          Num       4    MMDDYY10.    Child birth date                             
10    cenr_start           Num       4    DATE9.       Earliest infant enrollment start date        
 9    cpatid               Char     12    $12.         Child patient ID                             
 5    ddate                Num       4    MMDDYY10.    Discharge date for mothers delivery encounter
                                                                    09:49 Tuesday, March 6, 2018  71

                                       The CONTENTS Procedure

                             Alphabetic List of Variables and Attributes
 
 #    Variable             Type    Len    Format       Label

16    flag_12              Num       8                                                              
 6    mbirth_date          Num       4    MMDDYY10.    Mother birth date                            
15    message              Char    300                                                              
 2    mpatid               Char     12    $12.         Mother patient ID                            
13    sex                  Char      1                 Child sex                                    
                                                                    09:49 Tuesday, March 6, 2018  72

                                       The CONTENTS Procedure

            Data Set Name        WORK.FLAG_3                   Observations          0  
            Member Type          DATA                          Variables             16 
            Engine               V9                            Indexes               0  
            Created              03/06/2018 09:49:54           Observation Length    392
            Last Modified        03/06/2018 09:49:54           Deleted Observations  0  
            Protection                                         Compressed            NO 
            Data Set Type                                      Sorted                NO 
            Label                                                                       
            Data Representation  WINDOWS_64                                             
            Encoding             wlatin1  Western (Windows)                             


                                 Engine/Host Dependent Information

Data Set Page Size          65536                                                                   
Number of Data Set Pages    1                                                                       
First Data Page             1                                                                       
Max Obs per Page            167                                                                     
Obs in First Data Page      0                                                                       
Number of Data Set Repairs  0                                                                       
ExtendObsCounter            YES                                                                     
Filename                    C:\Users\rrajbhan\AppData\Local\Temp\SAS Temporary                      
                            Files\_TD11344_L000903673_\flag_3.sas7bdat                              
Release Created             9.0401M4                                                                
Host Created                X64_7PRO                                                                
Owner Name                  BUILTIN\Administrators                                                  
File Size                   128KB                                                                   
File Size (bytes)           131072                                                                  


                             Alphabetic List of Variables and Attributes
 
 #    Variable             Type    Len    Format       Label

11    Age                  Num       3                                                              
 3    EncType              Char      2                 Encounter Type                               
 1    EncounterID          Char     17                 Mothers delivery encounterID                 
14    MatchMethod          Char      2                                                              
 4    adate                Num       4    MMDDYY10.    Admission date for mothers delivery encounter
 7    birth_type           Num       3                 # of babies born                             
 8    birth_type_primes    Num       8                 All birth types                              
12    cbirth_date          Num       4    MMDDYY10.    Child birth date                             
10    cenr_start           Num       4    DATE9.       Earliest infant enrollment start date        
 9    cpatid               Char     12    $12.         Child patient ID                             
 5    ddate                Num       4    MMDDYY10.    Discharge date for mothers delivery encounter
                                                                    09:49 Tuesday, March 6, 2018  73

                                       The CONTENTS Procedure

                             Alphabetic List of Variables and Attributes
 
 #    Variable             Type    Len    Format       Label

16    flag_12              Num       8                                                              
 6    mbirth_date          Num       4    MMDDYY10.    Mother birth date                            
15    message              Char    300                                                              
 2    mpatid               Char     12    $12.         Mother patient ID                            
13    sex                  Char      1                 Child sex                                    
                                                                    09:49 Tuesday, March 6, 2018  74

                                       The CONTENTS Procedure

            Data Set Name        WORK.FLAG_4                   Observations          0  
            Member Type          DATA                          Variables             16 
            Engine               V9                            Indexes               0  
            Created              03/06/2018 09:49:54           Observation Length    392
            Last Modified        03/06/2018 09:49:54           Deleted Observations  0  
            Protection                                         Compressed            NO 
            Data Set Type                                      Sorted                NO 
            Label                                                                       
            Data Representation  WINDOWS_64                                             
            Encoding             wlatin1  Western (Windows)                             


                                 Engine/Host Dependent Information

Data Set Page Size          65536                                                                   
Number of Data Set Pages    1                                                                       
First Data Page             1                                                                       
Max Obs per Page            167                                                                     
Obs in First Data Page      0                                                                       
Number of Data Set Repairs  0                                                                       
ExtendObsCounter            YES                                                                     
Filename                    C:\Users\rrajbhan\AppData\Local\Temp\SAS Temporary                      
                            Files\_TD11344_L000903673_\flag_4.sas7bdat                              
Release Created             9.0401M4                                                                
Host Created                X64_7PRO                                                                
Owner Name                  BUILTIN\Administrators                                                  
File Size                   128KB                                                                   
File Size (bytes)           131072                                                                  


                             Alphabetic List of Variables and Attributes
 
 #    Variable             Type    Len    Format       Label

11    Age                  Num       3                                                              
 3    EncType              Char      2                 Encounter Type                               
 1    EncounterID          Char     17                 Mothers delivery encounterID                 
14    MatchMethod          Char      2                                                              
 4    adate                Num       4    MMDDYY10.    Admission date for mothers delivery encounter
 7    birth_type           Num       3                 # of babies born                             
 8    birth_type_primes    Num       8                 All birth types                              
12    cbirth_date          Num       4    MMDDYY10.    Child birth date                             
10    cenr_start           Num       4    DATE9.       Earliest infant enrollment start date        
 9    cpatid               Char     12    $12.         Child patient ID                             
 5    ddate                Num       4    MMDDYY10.    Discharge date for mothers delivery encounter
                                                                    09:49 Tuesday, March 6, 2018  75

                                       The CONTENTS Procedure

                             Alphabetic List of Variables and Attributes
 
 #    Variable             Type    Len    Format       Label

16    flag_12              Num       8                                                              
 6    mbirth_date          Num       4    MMDDYY10.    Mother birth date                            
15    message              Char    300                                                              
 2    mpatid               Char     12    $12.         Mother patient ID                            
13    sex                  Char      1                 Child sex                                    
                                                                    09:49 Tuesday, March 6, 2018  76

                                       The CONTENTS Procedure

            Data Set Name        WORK.FLAG_5                   Observations          0  
            Member Type          DATA                          Variables             16 
            Engine               V9                            Indexes               0  
            Created              03/06/2018 09:49:54           Observation Length    392
            Last Modified        03/06/2018 09:49:54           Deleted Observations  0  
            Protection                                         Compressed            NO 
            Data Set Type                                      Sorted                NO 
            Label                                                                       
            Data Representation  WINDOWS_64                                             
            Encoding             wlatin1  Western (Windows)                             


                                 Engine/Host Dependent Information

Data Set Page Size          65536                                                                   
Number of Data Set Pages    1                                                                       
First Data Page             1                                                                       
Max Obs per Page            167                                                                     
Obs in First Data Page      0                                                                       
Number of Data Set Repairs  0                                                                       
ExtendObsCounter            YES                                                                     
Filename                    C:\Users\rrajbhan\AppData\Local\Temp\SAS Temporary                      
                            Files\_TD11344_L000903673_\flag_5.sas7bdat                              
Release Created             9.0401M4                                                                
Host Created                X64_7PRO                                                                
Owner Name                  BUILTIN\Administrators                                                  
File Size                   128KB                                                                   
File Size (bytes)           131072                                                                  


                             Alphabetic List of Variables and Attributes
 
 #    Variable             Type    Len    Format       Label

11    Age                  Num       3                                                              
 3    EncType              Char      2                 Encounter Type                               
 1    EncounterID          Char     17                 Mothers delivery encounterID                 
14    MatchMethod          Char      2                                                              
 4    adate                Num       4    MMDDYY10.    Admission date for mothers delivery encounter
 7    birth_type           Num       3                 # of babies born                             
 8    birth_type_primes    Num       8                 All birth types                              
12    cbirth_date          Num       4    MMDDYY10.    Child birth date                             
10    cenr_start           Num       4    DATE9.       Earliest infant enrollment start date        
 9    cpatid               Char     12    $12.         Child patient ID                             
 5    ddate                Num       4    MMDDYY10.    Discharge date for mothers delivery encounter
                                                                    09:49 Tuesday, March 6, 2018  77

                                       The CONTENTS Procedure

                             Alphabetic List of Variables and Attributes
 
 #    Variable             Type    Len    Format       Label

16    flag_12              Num       8                                                              
 6    mbirth_date          Num       4    MMDDYY10.    Mother birth date                            
15    message              Char    300                                                              
 2    mpatid               Char     12    $12.         Mother patient ID                            
13    sex                  Char      1                 Child sex                                    
                                                                    09:49 Tuesday, March 6, 2018  78

                                       The CONTENTS Procedure

            Data Set Name        WORK.FLAG_1                   Observations          0  
            Member Type          DATA                          Variables             4  
            Engine               V9                            Indexes               0  
            Created              03/06/2018 09:49:54           Observation Length    318
            Last Modified        03/06/2018 09:49:54           Deleted Observations  0  
            Protection                                         Compressed            NO 
            Data Set Type                                      Sorted                NO 
            Label                                                                       
            Data Representation  WINDOWS_64                                             
            Encoding             wlatin1  Western (Windows)                             


                                 Engine/Host Dependent Information

Data Set Page Size          65536                                                                   
Number of Data Set Pages    1                                                                       
First Data Page             1                                                                       
Max Obs per Page            205                                                                     
Obs in First Data Page      0                                                                       
Number of Data Set Repairs  0                                                                       
ExtendObsCounter            YES                                                                     
Filename                    C:\Users\rrajbhan\AppData\Local\Temp\SAS Temporary                      
                            Files\_TD11344_L000903673_\flag_1.sas7bdat                              
Release Created             9.0401M4                                                                
Host Created                X64_7PRO                                                                
Owner Name                  BUILTIN\Administrators                                                  
File Size                   128KB                                                                   
File Size (bytes)           131072                                                                  


                             Alphabetic List of Variables and Attributes
 
                     #    Variable    Type    Len    Format    Label

                     1    cpatid      Char     12    $12.      Child patient ID
                     2    message     Char    300                              
                     3    table1      Char      3                              
                     4    table2      Char      3                              
                                                                    09:49 Tuesday, March 6, 2018  79

                                       The CONTENTS Procedure

            Data Set Name        WORK.FLAG_2                   Observations          0  
            Member Type          DATA                          Variables             4  
            Engine               V9                            Indexes               0  
            Created              03/06/2018 09:49:55           Observation Length    318
            Last Modified        03/06/2018 09:49:55           Deleted Observations  0  
            Protection                                         Compressed            NO 
            Data Set Type                                      Sorted                NO 
            Label                                                                       
            Data Representation  WINDOWS_64                                             
            Encoding             wlatin1  Western (Windows)                             


                                 Engine/Host Dependent Information

Data Set Page Size          65536                                                                   
Number of Data Set Pages    1                                                                       
First Data Page             1                                                                       
Max Obs per Page            205                                                                     
Obs in First Data Page      0                                                                       
Number of Data Set Repairs  0                                                                       
ExtendObsCounter            YES                                                                     
Filename                    C:\Users\rrajbhan\AppData\Local\Temp\SAS Temporary                      
                            Files\_TD11344_L000903673_\flag_2.sas7bdat                              
Release Created             9.0401M4                                                                
Host Created                X64_7PRO                                                                
Owner Name                  BUILTIN\Administrators                                                  
File Size                   128KB                                                                   
File Size (bytes)           131072                                                                  


                            Alphabetic List of Variables and Attributes
 
                    #    Variable    Type    Len    Format    Label

                    2    message     Char    300                               
                    1    mpatid      Char     12    $12.      Mother patient ID
                    3    table1      Char      3                               
                    4    table2      Char      3                               
                                                                    09:49 Tuesday, March 6, 2018  80

                                       The CONTENTS Procedure

            Data Set Name        WORK.FLAG_3                   Observations          0  
            Member Type          DATA                          Variables             4  
            Engine               V9                            Indexes               0  
            Created              03/06/2018 09:50:13           Observation Length    323
            Last Modified        03/06/2018 09:50:13           Deleted Observations  0  
            Protection                                         Compressed            NO 
            Data Set Type                                      Sorted                NO 
            Label                                                                       
            Data Representation  WINDOWS_64                                             
            Encoding             wlatin1  Western (Windows)                             


                                 Engine/Host Dependent Information

Data Set Page Size          65536                                                                   
Number of Data Set Pages    1                                                                       
First Data Page             1                                                                       
Max Obs per Page            202                                                                     
Obs in First Data Page      0                                                                       
Number of Data Set Repairs  0                                                                       
ExtendObsCounter            YES                                                                     
Filename                    C:\Users\rrajbhan\AppData\Local\Temp\SAS Temporary                      
                            Files\_TD11344_L000903673_\flag_3.sas7bdat                              
Release Created             9.0401M4                                                                
Host Created                X64_7PRO                                                                
Owner Name                  BUILTIN\Administrators                                                  
File Size                   128KB                                                                   
File Size (bytes)           131072                                                                  


                            Alphabetic List of Variables and Attributes
 
                  #    Variable       Type    Len    Label

                  1    EncounterID    Char     17    Mothers delivery encounterID
                  2    message        Char    300                                
                  3    table1         Char      3                                
                  4    table2         Char      3                                
                                                                    09:49 Tuesday, March 6, 2018  81

                                       The CONTENTS Procedure

            Data Set Name        WORK.FLAG_4                   Observations          0  
            Member Type          DATA                          Variables             4  
            Engine               V9                            Indexes               0  
            Created              03/06/2018 09:50:14           Observation Length    318
            Last Modified        03/06/2018 09:50:14           Deleted Observations  0  
            Protection                                         Compressed            NO 
            Data Set Type                                      Sorted                NO 
            Label                                                                       
            Data Representation  WINDOWS_64                                             
            Encoding             wlatin1  Western (Windows)                             


                                 Engine/Host Dependent Information

Data Set Page Size          65536                                                                   
Number of Data Set Pages    1                                                                       
First Data Page             1                                                                       
Max Obs per Page            205                                                                     
Obs in First Data Page      0                                                                       
Number of Data Set Repairs  0                                                                       
ExtendObsCounter            YES                                                                     
Filename                    C:\Users\rrajbhan\AppData\Local\Temp\SAS Temporary                      
                            Files\_TD11344_L000903673_\flag_4.sas7bdat                              
Release Created             9.0401M4                                                                
Host Created                X64_7PRO                                                                
Owner Name                  BUILTIN\Administrators                                                  
File Size                   128KB                                                                   
File Size (bytes)           131072                                                                  


                            Alphabetic List of Variables and Attributes
 
                    #    Variable    Type    Len    Format    Label

                    2    message     Char    300                               
                    1    mpatid      Char     12    $12.      Mother patient ID
                    3    table1      Char      3                               
                    4    table2      Char      3                               
                                                                    09:49 Tuesday, March 6, 2018  82

                                       The CONTENTS Procedure

            Data Set Name        WORK.FLAG_5                   Observations          0  
            Member Type          DATA                          Variables             4  
            Engine               V9                            Indexes               0  
            Created              03/06/2018 09:50:14           Observation Length    318
            Last Modified        03/06/2018 09:50:14           Deleted Observations  0  
            Protection                                         Compressed            NO 
            Data Set Type                                      Sorted                NO 
            Label                                                                       
            Data Representation  WINDOWS_64                                             
            Encoding             wlatin1  Western (Windows)                             


                                 Engine/Host Dependent Information

Data Set Page Size          65536                                                                   
Number of Data Set Pages    1                                                                       
First Data Page             1                                                                       
Max Obs per Page            205                                                                     
Obs in First Data Page      0                                                                       
Number of Data Set Repairs  0                                                                       
ExtendObsCounter            YES                                                                     
Filename                    C:\Users\rrajbhan\AppData\Local\Temp\SAS Temporary                      
                            Files\_TD11344_L000903673_\flag_5.sas7bdat                              
Release Created             9.0401M4                                                                
Host Created                X64_7PRO                                                                
Owner Name                  BUILTIN\Administrators                                                  
File Size                   128KB                                                                   
File Size (bytes)           131072                                                                  


                             Alphabetic List of Variables and Attributes
 
                     #    Variable    Type    Len    Format    Label

                     1    cpatid      Char     12    $12.      Child patient ID
                     2    message     Char    300                              
                     3    table1      Char      3                              
                     4    table2      Char      3                              
                                                                    09:49 Tuesday, March 6, 2018  83

                                       The CONTENTS Procedure

            Data Set Name        WORK.FLAG_1                   Observations          0  
            Member Type          DATA                          Variables             6  
            Engine               V9                            Indexes               0  
            Created              03/06/2018 09:50:14           Observation Length    336
            Last Modified        03/06/2018 09:50:14           Deleted Observations  0  
            Protection                                         Compressed            NO 
            Data Set Type                                      Sorted                NO 
            Label                                                                       
            Data Representation  WINDOWS_64                                             
            Encoding             wlatin1  Western (Windows)                             


                                 Engine/Host Dependent Information

Data Set Page Size          65536                                                                   
Number of Data Set Pages    1                                                                       
First Data Page             1                                                                       
Max Obs per Page            194                                                                     
Obs in First Data Page      0                                                                       
Number of Data Set Repairs  0                                                                       
ExtendObsCounter            YES                                                                     
Filename                    C:\Users\rrajbhan\AppData\Local\Temp\SAS Temporary                      
                            Files\_TD11344_L000903673_\flag_1.sas7bdat                              
Release Created             9.0401M4                                                                
Host Created                X64_7PRO                                                                
Owner Name                  BUILTIN\Administrators                                                  
File Size                   128KB                                                                   
File Size (bytes)           131072                                                                  


                             Alphabetic List of Variables and Attributes
 
                         #    Variable       Type    Len    Label

                         3    LENGTH         Num       8    Variable Length
                         4    comp_length    Num       8    Variable Length
                         6    flag_l2        Num       8                   
                         5    message        Char    300                   
                         1    table1         Char      3                   
                         2    table2         Char      3                   
                                                                    09:49 Tuesday, March 6, 2018  84

                                       The CONTENTS Procedure

            Data Set Name        WORK.FLAG_2                   Observations          0  
            Member Type          DATA                          Variables             6  
            Engine               V9                            Indexes               0  
            Created              03/06/2018 09:50:14           Observation Length    336
            Last Modified        03/06/2018 09:50:14           Deleted Observations  0  
            Protection                                         Compressed            NO 
            Data Set Type                                      Sorted                NO 
            Label                                                                       
            Data Representation  WINDOWS_64                                             
            Encoding             wlatin1  Western (Windows)                             


                                 Engine/Host Dependent Information

Data Set Page Size          65536                                                                   
Number of Data Set Pages    1                                                                       
First Data Page             1                                                                       
Max Obs per Page            194                                                                     
Obs in First Data Page      0                                                                       
Number of Data Set Repairs  0                                                                       
ExtendObsCounter            YES                                                                     
Filename                    C:\Users\rrajbhan\AppData\Local\Temp\SAS Temporary                      
                            Files\_TD11344_L000903673_\flag_2.sas7bdat                              
Release Created             9.0401M4                                                                
Host Created                X64_7PRO                                                                
Owner Name                  BUILTIN\Administrators                                                  
File Size                   128KB                                                                   
File Size (bytes)           131072                                                                  


                             Alphabetic List of Variables and Attributes
 
                         #    Variable       Type    Len    Label

                         3    LENGTH         Num       8    Variable Length
                         4    comp_length    Num       8    Variable Length
                         6    flag_l2        Num       8                   
                         5    message        Char    300                   
                         1    table1         Char      3                   
                         2    table2         Char      3                   
                                                                    09:49 Tuesday, March 6, 2018  85

                                       The CONTENTS Procedure

            Data Set Name        WORK.FLAG_3                   Observations          0  
            Member Type          DATA                          Variables             6  
            Engine               V9                            Indexes               0  
            Created              03/06/2018 09:50:14           Observation Length    336
            Last Modified        03/06/2018 09:50:14           Deleted Observations  0  
            Protection                                         Compressed            NO 
            Data Set Type                                      Sorted                NO 
            Label                                                                       
            Data Representation  WINDOWS_64                                             
            Encoding             wlatin1  Western (Windows)                             


                                 Engine/Host Dependent Information

Data Set Page Size          65536                                                                   
Number of Data Set Pages    1                                                                       
First Data Page             1                                                                       
Max Obs per Page            194                                                                     
Obs in First Data Page      0                                                                       
Number of Data Set Repairs  0                                                                       
ExtendObsCounter            YES                                                                     
Filename                    C:\Users\rrajbhan\AppData\Local\Temp\SAS Temporary                      
                            Files\_TD11344_L000903673_\flag_3.sas7bdat                              
Release Created             9.0401M4                                                                
Host Created                X64_7PRO                                                                
Owner Name                  BUILTIN\Administrators                                                  
File Size                   128KB                                                                   
File Size (bytes)           131072                                                                  


                             Alphabetic List of Variables and Attributes
 
                         #    Variable       Type    Len    Label

                         3    LENGTH         Num       8    Variable Length
                         4    comp_length    Num       8    Variable Length
                         6    flag_l2        Num       8                   
                         5    message        Char    300                   
                         1    table1         Char      3                   
                         2    table2         Char      3                   
                                                                    09:49 Tuesday, March 6, 2018  86

                                       The CONTENTS Procedure

            Data Set Name        WORK.FLAG_1                   Observations          0  
            Member Type          DATA                          Variables             4  
            Engine               V9                            Indexes               0  
            Created              03/06/2018 09:50:14           Observation Length    307
            Last Modified        03/06/2018 09:50:14           Deleted Observations  0  
            Protection                                         Compressed            NO 
            Data Set Type                                      Sorted                YES
            Label                                                                       
            Data Representation  WINDOWS_64                                             
            Encoding             wlatin1  Western (Windows)                             


                                 Engine/Host Dependent Information

Data Set Page Size          65536                                                                   
Number of Data Set Pages    1                                                                       
First Data Page             1                                                                       
Max Obs per Page            213                                                                     
Obs in First Data Page      0                                                                       
Number of Data Set Repairs  0                                                                       
ExtendObsCounter            YES                                                                     
Filename                    C:\Users\rrajbhan\AppData\Local\Temp\SAS Temporary                      
                            Files\_TD11344_L000903673_\flag_1.sas7bdat                              
Release Created             9.0401M4                                                                
Host Created                X64_7PRO                                                                
Owner Name                  BUILTIN\Administrators                                                  
File Size                   128KB                                                                   
File Size (bytes)           131072                                                                  


                            Alphabetic List of Variables and Attributes
 
                             #    Variable    Type    Len    Label

                             2    message     Char    300             
                             1    sex         Char      1    Child sex
                             3    table1      Char      3             
                             4    table2      Char      3             


                                          Sort Information

                              Sortedby       sex message table1 table2
                              Validated      YES                      
                              Character Set  ANSI                     
                                                                    09:49 Tuesday, March 6, 2018  87

                                       The CONTENTS Procedure

                                          Sort Information

                              Sort Option    NODUPKEY                 
                                                                    09:49 Tuesday, March 6, 2018  88

                                       The CONTENTS Procedure

            Data Set Name        WORK.FLAG_2                   Observations          0  
            Member Type          DATA                          Variables             4  
            Engine               V9                            Indexes               0  
            Created              03/06/2018 09:50:14           Observation Length    312
            Last Modified        03/06/2018 09:50:14           Deleted Observations  0  
            Protection                                         Compressed            NO 
            Data Set Type                                      Sorted                YES
            Label                                                                       
            Data Representation  WINDOWS_64                                             
            Encoding             wlatin1  Western (Windows)                             


                                 Engine/Host Dependent Information

Data Set Page Size          65536                                                                   
Number of Data Set Pages    1                                                                       
First Data Page             1                                                                       
Max Obs per Page            209                                                                     
Obs in First Data Page      0                                                                       
Number of Data Set Repairs  0                                                                       
ExtendObsCounter            YES                                                                     
Filename                    C:\Users\rrajbhan\AppData\Local\Temp\SAS Temporary                      
                            Files\_TD11344_L000903673_\flag_2.sas7bdat                              
Release Created             9.0401M4                                                                
Host Created                X64_7PRO                                                                
Owner Name                  BUILTIN\Administrators                                                  
File Size                   128KB                                                                   
File Size (bytes)           131072                                                                  


                            Alphabetic List of Variables and Attributes
 
                 #    Variable       Type    Len    Format       Label

                 1    mbirth_date    Num       4    MMDDYY10.    Mother birth date
                 2    message        Char    300                                  
                 3    table1         Char      3                                  
                 4    table2         Char      3                                  


                                          Sort Information

                          Sortedby       mbirth_date message table1 table2
                          Validated      YES                              
                          Character Set  ANSI                             
                                                                    09:49 Tuesday, March 6, 2018  89

                                       The CONTENTS Procedure

                                          Sort Information

                          Sort Option    NODUPKEY                         
                                                                    09:49 Tuesday, March 6, 2018  90

                                       The CONTENTS Procedure

            Data Set Name        WORK.FLAG_3                   Observations          6  
            Member Type          DATA                          Variables             4  
            Engine               V9                            Indexes               0  
            Created              03/06/2018 09:50:14           Observation Length    312
            Last Modified        03/06/2018 09:50:14           Deleted Observations  0  
            Protection                                         Compressed            NO 
            Data Set Type                                      Sorted                YES
            Label                                                                       
            Data Representation  WINDOWS_64                                             
            Encoding             wlatin1  Western (Windows)                             


                                 Engine/Host Dependent Information

Data Set Page Size          65536                                                                   
Number of Data Set Pages    1                                                                       
First Data Page             1                                                                       
Max Obs per Page            209                                                                     
Obs in First Data Page      6                                                                       
Number of Data Set Repairs  0                                                                       
ExtendObsCounter            YES                                                                     
Filename                    C:\Users\rrajbhan\AppData\Local\Temp\SAS Temporary                      
                            Files\_TD11344_L000903673_\flag_3.sas7bdat                              
Release Created             9.0401M4                                                                
Host Created                X64_7PRO                                                                
Owner Name                  BUILTIN\Administrators                                                  
File Size                   128KB                                                                   
File Size (bytes)           131072                                                                  


                             Alphabetic List of Variables and Attributes
 
                  #    Variable       Type    Len    Format       Label

                  1    cbirth_date    Num       4    MMDDYY10.    Child birth date
                  2    message        Char    300                                 
                  3    table1         Char      3                                 
                  4    table2         Char      3                                 


                                          Sort Information

                          Sortedby       cbirth_date message table1 table2
                          Validated      YES                              
                          Character Set  ANSI                             
                                                                    09:49 Tuesday, March 6, 2018  91

                                       The CONTENTS Procedure

                                          Sort Information

                          Sort Option    NODUPKEY                         
                                                                    09:49 Tuesday, March 6, 2018  92

                                       The CONTENTS Procedure

            Data Set Name        WORK.FLAG_4                   Observations          0  
            Member Type          DATA                          Variables             4  
            Engine               V9                            Indexes               0  
            Created              03/06/2018 09:50:15           Observation Length    312
            Last Modified        03/06/2018 09:50:15           Deleted Observations  0  
            Protection                                         Compressed            NO 
            Data Set Type                                      Sorted                YES
            Label                                                                       
            Data Representation  WINDOWS_64                                             
            Encoding             wlatin1  Western (Windows)                             


                                 Engine/Host Dependent Information

Data Set Page Size          65536                                                                   
Number of Data Set Pages    1                                                                       
First Data Page             1                                                                       
Max Obs per Page            209                                                                     
Obs in First Data Page      0                                                                       
Number of Data Set Repairs  0                                                                       
ExtendObsCounter            YES                                                                     
Filename                    C:\Users\rrajbhan\AppData\Local\Temp\SAS Temporary                      
                            Files\_TD11344_L000903673_\flag_4.sas7bdat                              
Release Created             9.0401M4                                                                
Host Created                X64_7PRO                                                                
Owner Name                  BUILTIN\Administrators                                                  
File Size                   128KB                                                                   
File Size (bytes)           131072                                                                  


                             Alphabetic List of Variables and Attributes
 
     #    Variable    Type    Len    Format       Label

     1    ddate       Num       4    MMDDYY10.    Discharge date for mothers delivery encounter
     2    message     Char    300                                                              
     3    table1      Char      3                                                              
     4    table2      Char      3                                                              


                                          Sort Information

                             Sortedby       ddate message table1 table2
                             Validated      YES                        
                             Character Set  ANSI                       
                                                                    09:49 Tuesday, March 6, 2018  93

                                       The CONTENTS Procedure

                                          Sort Information

                             Sort Option    NODUPKEY                   
                                                                    09:49 Tuesday, March 6, 2018  94

                                       The CONTENTS Procedure

            Data Set Name        WORK.FLAG_5                   Observations          0  
            Member Type          DATA                          Variables             4  
            Engine               V9                            Indexes               0  
            Created              03/06/2018 09:50:23           Observation Length    312
            Last Modified        03/06/2018 09:50:23           Deleted Observations  0  
            Protection                                         Compressed            NO 
            Data Set Type                                      Sorted                YES
            Label                                                                       
            Data Representation  WINDOWS_64                                             
            Encoding             wlatin1  Western (Windows)                             


                                 Engine/Host Dependent Information

Data Set Page Size          65536                                                                   
Number of Data Set Pages    1                                                                       
First Data Page             1                                                                       
Max Obs per Page            209                                                                     
Obs in First Data Page      0                                                                       
Number of Data Set Repairs  0                                                                       
ExtendObsCounter            YES                                                                     
Filename                    C:\Users\rrajbhan\AppData\Local\Temp\SAS Temporary                      
                            Files\_TD11344_L000903673_\flag_5.sas7bdat                              
Release Created             9.0401M4                                                                
Host Created                X64_7PRO                                                                
Owner Name                  BUILTIN\Administrators                                                  
File Size                   128KB                                                                   
File Size (bytes)           131072                                                                  


                             Alphabetic List of Variables and Attributes
 
     #    Variable    Type    Len    Format       Label

     1    adate       Num       4    MMDDYY10.    Admission date for mothers delivery encounter
     2    message     Char    300                                                              
     3    table1      Char      3                                                              
     4    table2      Char      3                                                              


                                          Sort Information

                             Sortedby       adate message table1 table2
                             Validated      YES                        
                             Character Set  ANSI                       
                                                                    09:49 Tuesday, March 6, 2018  95

                                       The CONTENTS Procedure

                                          Sort Information

                             Sort Option    NODUPKEY                   
                                                                    09:49 Tuesday, March 6, 2018  96

                                       The CONTENTS Procedure

            Data Set Name        DPLOCAL.L2_FLAGS_TEMP         Observations          6  
            Member Type          DATA                          Variables             6  
            Engine               V9                            Indexes               0  
            Created              03/06/2018 09:50:32           Observation Length    592
            Last Modified        03/06/2018 09:50:32           Deleted Observations  0  
            Protection                                         Compressed            NO 
            Data Set Type                                      Sorted                NO 
            Label                                                                       
            Data Representation  WINDOWS_64                                             
            Encoding             wlatin1  Western (Windows)                             


                                 Engine/Host Dependent Information

   Data Set Page Size          65536                                                             
   Number of Data Set Pages    1                                                                 
   First Data Page             1                                                                 
   Max Obs per Page            110                                                               
   Obs in First Data Page      6                                                                 
   Number of Data Set Repairs  0                                                                 
   ExtendObsCounter            YES                                                               
   Filename                    a:\dev\test\\test_qa_wp001_nsdp_v01\dplocal\l2_flags_temp.sas7bdat
   Release Created             9.0401M4                                                          
   Host Created                X64_7PRO                                                          
   Owner Name                  BUILTIN\Administrators                                            
   File Size                   128KB                                                             
   File Size (bytes)           131072                                                            


                             Alphabetic List of Variables and Attributes
 
                             #    Variable      Type    Len    Format

                             5    AbortYN       Char      1            
                             1    FlagID        Char     21            
                             4    FlagType      Char      4            
                             3    Flag_Descr    Char    255            
                             6    count         Num       8    COMMA15.
                             2    message       Char    300            
